day,subscriber_ecid,data_usage_volume
(n+2)22,-06FoayTOXJ8-,0.11933791637420654
(n+2)23,-06FoayTOXJ8-,0.0684744119644165
(n+2)24,-06FoayTOXJ8-,-0.04002887010574341
(n+2)25,-06FoayTOXJ8-,0.07115340232849121
(n+2)26,-06FoayTOXJ8-,0.0033240914344787598
(n+2)27,-06FoayTOXJ8-,0.0963360071182251
(n+2)28,-06FoayTOXJ8-,0.11421799659729004
(n+2)29,-06FoayTOXJ8-,0.1375941038131714
(n+2)30,-06FoayTOXJ8-,0.12995314598083496
(n+2)31,-06FoayTOXJ8-,0.14008784294128418
(n+2)22,-A-7LJ6WUTKfm,0.27406466007232666
(n+2)23,-A-7LJ6WUTKfm,0.2969972491264343
(n+2)24,-A-7LJ6WUTKfm,0.3315659165382385
(n+2)25,-A-7LJ6WUTKfm,0.3595138192176819
(n+2)26,-A-7LJ6WUTKfm,0.3944047689437866
(n+2)27,-A-7LJ6WUTKfm,0.4128389358520508
(n+2)28,-A-7LJ6WUTKfm,0.45456165075302124
(n+2)29,-A-7LJ6WUTKfm,0.4659616947174072
(n+2)30,-A-7LJ6WUTKfm,0.4915008246898651
(n+2)31,-A-7LJ6WUTKfm,0.502424418926239
(n+2)22,-Ajqu-Pi5VJde,-0.10572707653045654
(n+2)23,-Ajqu-Pi5VJde,0.21754181385040283
(n+2)24,-Ajqu-Pi5VJde,-0.30378425121307373
(n+2)25,-Ajqu-Pi5VJde,-0.016283035278320312
(n+2)26,-Ajqu-Pi5VJde,0.4044642448425293
(n+2)27,-Ajqu-Pi5VJde,-0.13369810581207275
(n+2)28,-Ajqu-Pi5VJde,0.05865371227264404
(n+2)29,-Ajqu-Pi5VJde,0.0866241455078125
(n+2)30,-Ajqu-Pi5VJde,-0.012179374694824219
(n+2)31,-Ajqu-Pi5VJde,0.017284035682678223
(n+2)22,-DgEYYT0gqMqr,0.40673828125
(n+2)23,-DgEYYT0gqMqr,0.20434170961380005
(n+2)24,-DgEYYT0gqMqr,0.05341005325317383
(n+2)25,-DgEYYT0gqMqr,0.37595516443252563
(n+2)22,-Ej3Gtwwcsf46,0.008891463279724121
(n+2)23,-Ej3Gtwwcsf46,0.36377954483032227
(n+2)24,-Ej3Gtwwcsf46,0.28842103481292725
(n+2)25,-Ej3Gtwwcsf46,0.17420190572738647
(n+2)26,-Ej3Gtwwcsf46,0.23409736156463623
(n+2)27,-Ej3Gtwwcsf46,0.27295637130737305
(n+2)28,-Ej3Gtwwcsf46,0.17922210693359375
(n+2)29,-Ej3Gtwwcsf46,0.1793278455734253
(n+2)30,-Ej3Gtwwcsf46,0.3317122459411621
(n+2)31,-Ej3Gtwwcsf46,0.27285170555114746
(n+2)22,-G-uASnKNsNDL,-0.07179653644561768
(n+2)23,-G-uASnKNsNDL,-0.04877859354019165
(n+2)24,-G-uASnKNsNDL,0.05056363344192505
(n+2)25,-G-uASnKNsNDL,0.022159814834594727
(n+2)26,-G-uASnKNsNDL,-0.04080933332443237
(n+2)27,-G-uASnKNsNDL,0.0009565949440002441
(n+2)28,-G-uASnKNsNDL,-0.11840200424194336
(n+2)29,-G-uASnKNsNDL,0.06334608793258667
(n+2)30,-G-uASnKNsNDL,0.08304530382156372
(n+2)31,-G-uASnKNsNDL,0.013699948787689209
(n+2)22,-In6IG8Z3Ts6f,1.8213391304016113
(n+2)23,-In6IG8Z3Ts6f,1.6574466228485107
(n+2)24,-In6IG8Z3Ts6f,1.9228037595748901
(n+2)25,-In6IG8Z3Ts6f,2.3568575382232666
(n+2)26,-In6IG8Z3Ts6f,2.7283225059509277
(n+2)27,-In6IG8Z3Ts6f,2.6974267959594727
(n+2)28,-In6IG8Z3Ts6f,2.231196403503418
(n+2)29,-In6IG8Z3Ts6f,1.4206424951553345
(n+2)30,-In6IG8Z3Ts6f,0.8712853193283081
(n+2)31,-In6IG8Z3Ts6f,0.8704783320426941
(n+2)22,-K5n1Rm62Hbpx,1.5287706851959229
(n+2)23,-K5n1Rm62Hbpx,1.4661835432052612
(n+2)24,-K5n1Rm62Hbpx,-0.07623946666717529
(n+2)25,-K5n1Rm62Hbpx,1.211742877960205
(n+2)26,-K5n1Rm62Hbpx,1.0191154479980469
(n+2)27,-K5n1Rm62Hbpx,1.009696364402771
(n+2)28,-K5n1Rm62Hbpx,1.0681045055389404
(n+2)29,-K5n1Rm62Hbpx,1.6915209293365479
(n+2)30,-K5n1Rm62Hbpx,1.7621450424194336
(n+2)31,-K5n1Rm62Hbpx,2.247295379638672
(n+2)22,-KmyI86h1R9bQ,-0.10526704788208008
(n+2)23,-KmyI86h1R9bQ,0.8642292022705078
(n+2)24,-KmyI86h1R9bQ,1.0273972749710083
(n+2)25,-KmyI86h1R9bQ,1.07752525806427
(n+2)26,-KmyI86h1R9bQ,1.5786734819412231
(n+2)27,-KmyI86h1R9bQ,2.0556440353393555
(n+2)28,-KmyI86h1R9bQ,2.3335299491882324
(n+2)29,-KmyI86h1R9bQ,2.3856987953186035
(n+2)30,-KmyI86h1R9bQ,2.0517430305480957
(n+2)31,-KmyI86h1R9bQ,1.5806400775909424
(n+2)22,-OgQJDuZ2cIdB,0.8731402158737183
(n+2)23,-OgQJDuZ2cIdB,0.7607663869857788
(n+2)24,-OgQJDuZ2cIdB,0.6679575443267822
(n+2)25,-OgQJDuZ2cIdB,0.4523916244506836
(n+2)26,-OgQJDuZ2cIdB,0.9617513418197632
(n+2)27,-OgQJDuZ2cIdB,0.9672127962112427
(n+2)28,-OgQJDuZ2cIdB,0.8311944007873535
(n+2)29,-OgQJDuZ2cIdB,0.9109113216400146
(n+2)30,-OgQJDuZ2cIdB,1.217240333557129
(n+2)31,-OgQJDuZ2cIdB,1.1775665283203125
(n+2)22,-QXHomYaJxYXi,7.229771137237549
(n+2)23,-QXHomYaJxYXi,8.100996017456055
(n+2)24,-QXHomYaJxYXi,10.49919319152832
(n+2)25,-QXHomYaJxYXi,10.405943870544434
(n+2)26,-QXHomYaJxYXi,10.147285461425781
(n+2)27,-QXHomYaJxYXi,9.399260520935059
(n+2)28,-QXHomYaJxYXi,8.338191032409668
(n+2)29,-QXHomYaJxYXi,7.417403221130371
(n+2)30,-QXHomYaJxYXi,6.995669364929199
(n+2)31,-QXHomYaJxYXi,7.212713241577148
(n+2)22,-bPxbPMMP56D0,-0.014138579368591309
(n+2)23,-bPxbPMMP56D0,-0.06603670120239258
(n+2)24,-bPxbPMMP56D0,-0.039792418479919434
(n+2)25,-bPxbPMMP56D0,-0.03781116008758545
(n+2)26,-bPxbPMMP56D0,0.12634527683258057
(n+2)27,-bPxbPMMP56D0,0.30335497856140137
(n+2)28,-bPxbPMMP56D0,0.013603925704956055
(n+2)29,-bPxbPMMP56D0,0.3051719665527344
(n+2)30,-bPxbPMMP56D0,-0.07179486751556396
(n+2)31,-bPxbPMMP56D0,0.08298718929290771
(n+2)22,-r1I_1VjtSvZL,0.2833559513092041
(n+2)23,-r1I_1VjtSvZL,0.08356606960296631
(n+2)24,-r1I_1VjtSvZL,0.190840482711792
(n+2)25,-r1I_1VjtSvZL,0.1718369722366333
(n+2)26,-r1I_1VjtSvZL,0.10709041357040405
(n+2)27,-r1I_1VjtSvZL,0.17429375648498535
(n+2)28,-r1I_1VjtSvZL,0.07741957902908325
(n+2)29,-r1I_1VjtSvZL,0.12980735301971436
(n+2)30,-r1I_1VjtSvZL,0.12660133838653564
(n+2)31,-r1I_1VjtSvZL,0.1552053689956665
(n+2)22,-tL3HaNlpu-TE,0.8238825798034668
(n+2)23,-tL3HaNlpu-TE,0.8713018894195557
(n+2)24,-tL3HaNlpu-TE,0.8658145666122437
(n+2)25,-tL3HaNlpu-TE,0.8926349878311157
(n+2)26,-tL3HaNlpu-TE,0.9440310001373291
(n+2)27,-tL3HaNlpu-TE,1.4951636791229248
(n+2)28,-tL3HaNlpu-TE,1.2265174388885498
(n+2)29,-tL3HaNlpu-TE,1.4100866317749023
(n+2)30,-tL3HaNlpu-TE,1.4969607591629028
(n+2)31,-tL3HaNlpu-TE,1.8448121547698975
(n+2)22,-uw3FokEwcN86,1.5219752788543701
(n+2)23,-uw3FokEwcN86,1.4856140613555908
(n+2)24,-uw3FokEwcN86,2.9842886924743652
(n+2)25,-uw3FokEwcN86,2.9242305755615234
(n+2)26,-uw3FokEwcN86,1.77836275100708
(n+2)27,-uw3FokEwcN86,1.6183345317840576
(n+2)28,-uw3FokEwcN86,1.5687222480773926
(n+2)29,-uw3FokEwcN86,0.8447273373603821
(n+2)30,-uw3FokEwcN86,2.1619086265563965
(n+2)31,-uw3FokEwcN86,1.3380036354064941
(n+2)22,-wi6IABUFT0YE,1.1406034231185913
(n+2)23,-wi6IABUFT0YE,1.7866747379302979
(n+2)24,-wi6IABUFT0YE,1.9515153169631958
(n+2)25,-wi6IABUFT0YE,1.9291186332702637
(n+2)26,-wi6IABUFT0YE,1.8835490942001343
(n+2)27,-wi6IABUFT0YE,3.645467758178711
(n+2)28,-wi6IABUFT0YE,3.5436530113220215
(n+2)29,-wi6IABUFT0YE,2.2634618282318115
(n+2)30,-wi6IABUFT0YE,2.1705896854400635
(n+2)31,-wi6IABUFT0YE,2.3894498348236084
(n+2)22,-xvLjYdAhpdTw,-0.028977155685424805
(n+2)23,-xvLjYdAhpdTw,-0.0072446465492248535
(n+2)24,-xvLjYdAhpdTw,0.008280575275421143
(n+2)25,-xvLjYdAhpdTw,0.022663474082946777
(n+2)26,-xvLjYdAhpdTw,0.04025965929031372
(n+2)27,-xvLjYdAhpdTw,0.050210654735565186
(n+2)28,-xvLjYdAhpdTw,0.06814080476760864
(n+2)29,-xvLjYdAhpdTw,0.07843679189682007
(n+2)30,-xvLjYdAhpdTw,0.09017741680145264
(n+2)31,-xvLjYdAhpdTw,0.09881055355072021
(n+2)22,05FcuSRHsq_Ps,0.01683521270751953
(n+2)23,05FcuSRHsq_Ps,0.025013625621795654
(n+2)24,05FcuSRHsq_Ps,0.03768128156661987
(n+2)25,05FcuSRHsq_Ps,0.04296875
(n+2)26,05FcuSRHsq_Ps,0.04866141080856323
(n+2)27,05FcuSRHsq_Ps,0.16330891847610474
(n+2)28,05FcuSRHsq_Ps,-0.027704358100891113
(n+2)29,05FcuSRHsq_Ps,0.17071211338043213
(n+2)30,05FcuSRHsq_Ps,-0.03867781162261963
(n+2)31,05FcuSRHsq_Ps,0.18241292238235474
(n+2)22,07VNhYUvV_r-R,0.5704596042633057
(n+2)23,07VNhYUvV_r-R,0.5158705711364746
(n+2)24,07VNhYUvV_r-R,0.5508977174758911
(n+2)25,07VNhYUvV_r-R,0.5079381465911865
(n+2)26,07VNhYUvV_r-R,-0.593323826789856
(n+2)27,07VNhYUvV_r-R,-0.19615614414215088
(n+2)28,07VNhYUvV_r-R,0.17293930053710938
(n+2)29,07VNhYUvV_r-R,1.631583333015442
(n+2)30,07VNhYUvV_r-R,1.8343366384506226
(n+2)31,07VNhYUvV_r-R,1.4621609449386597
(n+2)22,07aY5Z7fL2gjI,0.01089012622833252
(n+2)23,07aY5Z7fL2gjI,-0.010077595710754395
(n+2)24,07aY5Z7fL2gjI,0.08309447765350342
(n+2)25,07aY5Z7fL2gjI,0.011417746543884277
(n+2)26,07aY5Z7fL2gjI,-0.13714241981506348
(n+2)27,07aY5Z7fL2gjI,0.18909990787506104
(n+2)28,07aY5Z7fL2gjI,0.07767736911773682
(n+2)29,07aY5Z7fL2gjI,0.08276164531707764
(n+2)30,07aY5Z7fL2gjI,0.1562943458557129
(n+2)31,07aY5Z7fL2gjI,1.9717973470687866
(n+2)22,09AcDcmPUMXhr,1.3610422611236572
(n+2)23,09AcDcmPUMXhr,1.7917815446853638
(n+2)24,09AcDcmPUMXhr,2.105815887451172
(n+2)25,09AcDcmPUMXhr,2.38303804397583
(n+2)26,09AcDcmPUMXhr,2.6186704635620117
(n+2)27,09AcDcmPUMXhr,3.3768391609191895
(n+2)28,09AcDcmPUMXhr,3.6358084678649902
(n+2)29,09AcDcmPUMXhr,2.347701072692871
(n+2)30,09AcDcmPUMXhr,2.167919635772705
(n+2)31,09AcDcmPUMXhr,2.4450063705444336
(n+2)22,0DeHH7fE9XJRM,0.14382874965667725
(n+2)23,0DeHH7fE9XJRM,0.09956276416778564
(n+2)24,0DeHH7fE9XJRM,0.2507549524307251
(n+2)25,0DeHH7fE9XJRM,0.07658493518829346
(n+2)26,0DeHH7fE9XJRM,0.15234792232513428
(n+2)27,0DeHH7fE9XJRM,0.19772613048553467
(n+2)28,0DeHH7fE9XJRM,1.5395859479904175
(n+2)29,0DeHH7fE9XJRM,0.8106770515441895
(n+2)30,0DeHH7fE9XJRM,0.12074470520019531
(n+2)31,0DeHH7fE9XJRM,0.005604863166809082
(n+2)22,0FbrwQkqkHNBL,0.05964243412017822
(n+2)23,0FbrwQkqkHNBL,0.1797049641609192
(n+2)24,0FbrwQkqkHNBL,0.1489945650100708
(n+2)25,0FbrwQkqkHNBL,0.20456373691558838
(n+2)26,0FbrwQkqkHNBL,0.22106623649597168
(n+2)27,0FbrwQkqkHNBL,0.20663177967071533
(n+2)28,0FbrwQkqkHNBL,0.18435263633728027
(n+2)29,0FbrwQkqkHNBL,-0.038484394550323486
(n+2)30,0FbrwQkqkHNBL,1.242729902267456
(n+2)31,0FbrwQkqkHNBL,0.07502341270446777
(n+2)22,0Fs9JYctVKi4x,0.6848583221435547
(n+2)23,0Fs9JYctVKi4x,-0.07739722728729248
(n+2)24,0Fs9JYctVKi4x,0.08182072639465332
(n+2)25,0Fs9JYctVKi4x,0.19619685411453247
(n+2)26,0Fs9JYctVKi4x,0.07683491706848145
(n+2)27,0Fs9JYctVKi4x,0.0738256573677063
(n+2)28,0Fs9JYctVKi4x,0.0673515796661377
(n+2)29,0Fs9JYctVKi4x,-0.15592741966247559
(n+2)30,0Fs9JYctVKi4x,1.1571485996246338
(n+2)31,0Fs9JYctVKi4x,0.5933759212493896
(n+2)22,0Nx-jwpjbHjzQ,0.07228624820709229
(n+2)23,0Nx-jwpjbHjzQ,0.07100224494934082
(n+2)24,0Nx-jwpjbHjzQ,0.07723057270050049
(n+2)25,0Nx-jwpjbHjzQ,0.14985430240631104
(n+2)26,0Nx-jwpjbHjzQ,0.048798322677612305
(n+2)27,0Nx-jwpjbHjzQ,0.1617640256881714
(n+2)28,0Nx-jwpjbHjzQ,0.07732689380645752
(n+2)29,0Nx-jwpjbHjzQ,0.15204060077667236
(n+2)30,0Nx-jwpjbHjzQ,0.21309208869934082
(n+2)31,0Nx-jwpjbHjzQ,0.21950995922088623
(n+2)22,0P2IVKULm3W4a,0.444805383682251
(n+2)23,0P2IVKULm3W4a,0.5830054879188538
(n+2)24,0P2IVKULm3W4a,0.3450676202774048
(n+2)25,0P2IVKULm3W4a,0.8027945160865784
(n+2)26,0P2IVKULm3W4a,0.5385390520095825
(n+2)27,0P2IVKULm3W4a,0.547711968421936
(n+2)28,0P2IVKULm3W4a,0.3780606985092163
(n+2)29,0P2IVKULm3W4a,0.4025312662124634
(n+2)30,0P2IVKULm3W4a,0.3945963978767395
(n+2)31,0P2IVKULm3W4a,0.41870009899139404
(n+2)22,0T7ixhiDdZ8TL,2.4988231658935547
(n+2)23,0T7ixhiDdZ8TL,1.9317641258239746
(n+2)24,0T7ixhiDdZ8TL,1.7608879804611206
(n+2)25,0T7ixhiDdZ8TL,1.7974172830581665
(n+2)26,0T7ixhiDdZ8TL,2.1574175357818604
(n+2)27,0T7ixhiDdZ8TL,1.2210439443588257
(n+2)28,0T7ixhiDdZ8TL,0.6095860004425049
(n+2)29,0T7ixhiDdZ8TL,1.7123680114746094
(n+2)30,0T7ixhiDdZ8TL,0.6735134720802307
(n+2)31,0T7ixhiDdZ8TL,0.4505684971809387
(n+2)22,0TN3fLxSaDKy9,1.8829671144485474
(n+2)23,0TN3fLxSaDKy9,1.7729640007019043
(n+2)24,0TN3fLxSaDKy9,1.8381093740463257
(n+2)25,0TN3fLxSaDKy9,2.095639705657959
(n+2)26,0TN3fLxSaDKy9,2.8712215423583984
(n+2)27,0TN3fLxSaDKy9,2.4649620056152344
(n+2)28,0TN3fLxSaDKy9,2.545334815979004
(n+2)29,0TN3fLxSaDKy9,2.9277639389038086
(n+2)30,0TN3fLxSaDKy9,2.720266819000244
(n+2)31,0TN3fLxSaDKy9,2.6802449226379395
(n+2)22,0WOAOqldr9T8g,11.835448265075684
(n+2)23,0WOAOqldr9T8g,12.286009788513184
(n+2)24,0WOAOqldr9T8g,12.513533592224121
(n+2)25,0WOAOqldr9T8g,13.099754333496094
(n+2)26,0WOAOqldr9T8g,9.755630493164062
(n+2)27,0WOAOqldr9T8g,10.636995315551758
(n+2)28,0WOAOqldr9T8g,12.67055892944336
(n+2)29,0WOAOqldr9T8g,13.443860054016113
(n+2)30,0WOAOqldr9T8g,13.31472110748291
(n+2)31,0WOAOqldr9T8g,13.091950416564941
(n+2)22,0diGlQ-zQ4RkZ,-0.07249927520751953
(n+2)23,0diGlQ-zQ4RkZ,-0.0680728554725647
(n+2)24,0diGlQ-zQ4RkZ,0.0005535483360290527
(n+2)25,0diGlQ-zQ4RkZ,-0.0024936795234680176
(n+2)26,0diGlQ-zQ4RkZ,0.27174174785614014
(n+2)27,0diGlQ-zQ4RkZ,-0.023911118507385254
(n+2)28,0diGlQ-zQ4RkZ,0.27589982748031616
(n+2)29,0diGlQ-zQ4RkZ,0.20043158531188965
(n+2)30,0diGlQ-zQ4RkZ,0.33629220724105835
(n+2)31,0diGlQ-zQ4RkZ,0.28868722915649414
(n+2)22,0o-xDa8uTNBGu,1.367936372756958
(n+2)23,0o-xDa8uTNBGu,1.3825016021728516
(n+2)24,0o-xDa8uTNBGu,1.602074384689331
(n+2)25,0o-xDa8uTNBGu,1.3565007448196411
(n+2)26,0o-xDa8uTNBGu,1.3533482551574707
(n+2)27,0o-xDa8uTNBGu,1.5219831466674805
(n+2)28,0o-xDa8uTNBGu,1.41417396068573
(n+2)29,0o-xDa8uTNBGu,1.2068496942520142
(n+2)30,0o-xDa8uTNBGu,1.5427799224853516
(n+2)31,0o-xDa8uTNBGu,1.126947045326233
(n+2)22,0rZTh5oSOWHcQ,0.8980633020401001
(n+2)23,0rZTh5oSOWHcQ,0.8529213666915894
(n+2)24,0rZTh5oSOWHcQ,1.072817325592041
(n+2)25,0rZTh5oSOWHcQ,1.091530203819275
(n+2)26,0rZTh5oSOWHcQ,1.1715021133422852
(n+2)27,0rZTh5oSOWHcQ,1.3732454776763916
(n+2)28,0rZTh5oSOWHcQ,1.4452325105667114
(n+2)29,0rZTh5oSOWHcQ,1.546001672744751
(n+2)30,0rZTh5oSOWHcQ,1.650519609451294
(n+2)31,0rZTh5oSOWHcQ,1.2109174728393555
(n+2)22,0wLFNgdyyGuWB,1.2102911472320557
(n+2)23,0wLFNgdyyGuWB,1.0944911241531372
(n+2)24,0wLFNgdyyGuWB,1.0137948989868164
(n+2)25,0wLFNgdyyGuWB,1.185122013092041
(n+2)26,0wLFNgdyyGuWB,1.5197677612304688
(n+2)27,0wLFNgdyyGuWB,1.4739471673965454
(n+2)28,0wLFNgdyyGuWB,1.6043586730957031
(n+2)29,0wLFNgdyyGuWB,1.7031934261322021
(n+2)30,0wLFNgdyyGuWB,2.156179904937744
(n+2)31,0wLFNgdyyGuWB,2.272160291671753
(n+2)22,10lBlM7CZCH70,0.04579120874404907
(n+2)23,10lBlM7CZCH70,0.072750985622406
(n+2)24,10lBlM7CZCH70,0.10285115242004395
(n+2)25,10lBlM7CZCH70,0.10603070259094238
(n+2)26,10lBlM7CZCH70,0.09314882755279541
(n+2)27,10lBlM7CZCH70,0.12798243761062622
(n+2)28,10lBlM7CZCH70,0.10367614030838013
(n+2)29,10lBlM7CZCH70,0.18487095832824707
(n+2)30,10lBlM7CZCH70,0.15968358516693115
(n+2)31,10lBlM7CZCH70,0.20917397737503052
(n+2)22,13c_8BmhhISo1,0.7412760257720947
(n+2)23,13c_8BmhhISo1,0.920913577079773
(n+2)24,13c_8BmhhISo1,1.1559867858886719
(n+2)25,13c_8BmhhISo1,1.4589236974716187
(n+2)26,13c_8BmhhISo1,1.8713600635528564
(n+2)27,13c_8BmhhISo1,1.9327248334884644
(n+2)28,13c_8BmhhISo1,2.023172378540039
(n+2)29,13c_8BmhhISo1,2.8304176330566406
(n+2)30,13c_8BmhhISo1,7.957140922546387
(n+2)31,13c_8BmhhISo1,7.67159366607666
(n+2)22,16zCCmheb0gdf,0.08077108860015869
(n+2)23,16zCCmheb0gdf,0.10113763809204102
(n+2)24,16zCCmheb0gdf,0.06759566068649292
(n+2)25,16zCCmheb0gdf,-0.002879202365875244
(n+2)26,16zCCmheb0gdf,-0.059518516063690186
(n+2)27,16zCCmheb0gdf,-0.11190921068191528
(n+2)28,16zCCmheb0gdf,-0.08236944675445557
(n+2)29,16zCCmheb0gdf,-0.009936809539794922
(n+2)30,16zCCmheb0gdf,0.19171184301376343
(n+2)31,16zCCmheb0gdf,0.5031012892723083
(n+2)22,17az4FG4dOOdK,0.08666074275970459
(n+2)23,17az4FG4dOOdK,0.08926510810852051
(n+2)24,17az4FG4dOOdK,0.10682320594787598
(n+2)25,17az4FG4dOOdK,0.11138391494750977
(n+2)26,17az4FG4dOOdK,0.12525832653045654
(n+2)27,17az4FG4dOOdK,0.1361716389656067
(n+2)28,17az4FG4dOOdK,0.12358242273330688
(n+2)29,17az4FG4dOOdK,1.2873163223266602
(n+2)30,17az4FG4dOOdK,2.945551872253418
(n+2)31,17az4FG4dOOdK,0.8668885231018066
(n+2)22,19D3139847wRz,5.49609899520874
(n+2)23,19D3139847wRz,4.998579978942871
(n+2)24,19D3139847wRz,7.322506427764893
(n+2)25,19D3139847wRz,8.370770454406738
(n+2)26,19D3139847wRz,6.790637493133545
(n+2)27,19D3139847wRz,5.003173828125
(n+2)28,19D3139847wRz,6.065033912658691
(n+2)29,19D3139847wRz,8.147953987121582
(n+2)30,19D3139847wRz,7.513998031616211
(n+2)31,19D3139847wRz,5.9283976554870605
(n+2)22,1H1OtxYFDtlWj,0.14749890565872192
(n+2)23,1H1OtxYFDtlWj,0.4940106272697449
(n+2)24,1H1OtxYFDtlWj,0.3664025664329529
(n+2)25,1H1OtxYFDtlWj,0.4128507971763611
(n+2)26,1H1OtxYFDtlWj,0.5511768460273743
(n+2)27,1H1OtxYFDtlWj,0.5658041834831238
(n+2)28,1H1OtxYFDtlWj,0.717878520488739
(n+2)29,1H1OtxYFDtlWj,0.7405056357383728
(n+2)30,1H1OtxYFDtlWj,0.8280279636383057
(n+2)31,1H1OtxYFDtlWj,0.6677021980285645
(n+2)22,1I1hUsFBG8eWL,0.09013020992279053
(n+2)23,1I1hUsFBG8eWL,-0.011876940727233887
(n+2)24,1I1hUsFBG8eWL,0.029087066650390625
(n+2)25,1I1hUsFBG8eWL,0.04096496105194092
(n+2)26,1I1hUsFBG8eWL,0.03904581069946289
(n+2)27,1I1hUsFBG8eWL,1.7262184619903564
(n+2)28,1I1hUsFBG8eWL,3.178366184234619
(n+2)29,1I1hUsFBG8eWL,4.361475467681885
(n+2)30,1I1hUsFBG8eWL,2.7153759002685547
(n+2)31,1I1hUsFBG8eWL,0.6099005937576294
(n+2)22,1MnDhERhUtpwd,0.7792681455612183
(n+2)23,1MnDhERhUtpwd,0.7442463636398315
(n+2)24,1MnDhERhUtpwd,0.7427189350128174
(n+2)25,1MnDhERhUtpwd,1.0135440826416016
(n+2)26,1MnDhERhUtpwd,0.9217060804367065
(n+2)27,1MnDhERhUtpwd,1.0643410682678223
(n+2)28,1MnDhERhUtpwd,1.152494192123413
(n+2)29,1MnDhERhUtpwd,0.594014048576355
(n+2)30,1MnDhERhUtpwd,1.1974518299102783
(n+2)31,1MnDhERhUtpwd,1.781633973121643
(n+2)22,1QLNM8utpqeYL,0.4375588893890381
(n+2)23,1QLNM8utpqeYL,0.20301908254623413
(n+2)24,1QLNM8utpqeYL,0.3500092029571533
(n+2)25,1QLNM8utpqeYL,0.4248316287994385
(n+2)26,1QLNM8utpqeYL,0.2938188910484314
(n+2)27,1QLNM8utpqeYL,0.6438289880752563
(n+2)28,1QLNM8utpqeYL,0.5409830212593079
(n+2)29,1QLNM8utpqeYL,0.47603726387023926
(n+2)30,1QLNM8utpqeYL,0.5124782919883728
(n+2)31,1QLNM8utpqeYL,0.6998065114021301
(n+2)22,1QM6aNogg3wjN,0.26114416122436523
(n+2)23,1QM6aNogg3wjN,-0.022747516632080078
(n+2)24,1QM6aNogg3wjN,0.05110764503479004
(n+2)25,1QM6aNogg3wjN,0.0550156831741333
(n+2)26,1QM6aNogg3wjN,0.10650169849395752
(n+2)27,1QM6aNogg3wjN,0.10644149780273438
(n+2)28,1QM6aNogg3wjN,0.02565622329711914
(n+2)29,1QM6aNogg3wjN,0.17533791065216064
(n+2)30,1QM6aNogg3wjN,0.13411712646484375
(n+2)31,1QM6aNogg3wjN,0.17405879497528076
(n+2)22,1SHBpEqMTEKI9,1.771362066268921
(n+2)23,1SHBpEqMTEKI9,3.0471692085266113
(n+2)24,1SHBpEqMTEKI9,2.0767335891723633
(n+2)25,1SHBpEqMTEKI9,3.0448498725891113
(n+2)26,1SHBpEqMTEKI9,1.6931219100952148
(n+2)27,1SHBpEqMTEKI9,2.996736526489258
(n+2)28,1SHBpEqMTEKI9,1.964166522026062
(n+2)29,1SHBpEqMTEKI9,3.0380263328552246
(n+2)30,1SHBpEqMTEKI9,2.093956470489502
(n+2)31,1SHBpEqMTEKI9,2.9914822578430176
(n+2)22,1W6_I5ePCIO1X,0.14943432807922363
(n+2)23,1W6_I5ePCIO1X,0.17089390754699707
(n+2)24,1W6_I5ePCIO1X,0.014888882637023926
(n+2)25,1W6_I5ePCIO1X,0.3081486225128174
(n+2)26,1W6_I5ePCIO1X,-0.0002301931381225586
(n+2)27,1W6_I5ePCIO1X,0.14525550603866577
(n+2)28,1W6_I5ePCIO1X,0.3455761671066284
(n+2)29,1W6_I5ePCIO1X,0.2282273769378662
(n+2)30,1W6_I5ePCIO1X,0.10703408718109131
(n+2)31,1W6_I5ePCIO1X,0.09706217050552368
(n+2)22,1eQiSuWkxEcqq,-0.33696699142456055
(n+2)23,1eQiSuWkxEcqq,-0.02931112051010132
(n+2)24,1eQiSuWkxEcqq,0.05423688888549805
(n+2)25,1eQiSuWkxEcqq,-0.09193044900894165
(n+2)26,1eQiSuWkxEcqq,-0.2512993812561035
(n+2)27,1eQiSuWkxEcqq,-0.18982231616973877
(n+2)28,1eQiSuWkxEcqq,0.02730613946914673
(n+2)29,1eQiSuWkxEcqq,0.08290648460388184
(n+2)30,1eQiSuWkxEcqq,0.06554710865020752
(n+2)31,1eQiSuWkxEcqq,0.09773081541061401
(n+2)22,1eYRhFfTYvKLk,-0.10254913568496704
(n+2)23,1eYRhFfTYvKLk,-0.08977586030960083
(n+2)24,1eYRhFfTYvKLk,-0.08388924598693848
(n+2)25,1eYRhFfTYvKLk,0.050778090953826904
(n+2)26,1eYRhFfTYvKLk,-0.10628658533096313
(n+2)27,1eYRhFfTYvKLk,0.02673274278640747
(n+2)28,1eYRhFfTYvKLk,-0.005545377731323242
(n+2)29,1eYRhFfTYvKLk,0.008703112602233887
(n+2)30,1eYRhFfTYvKLk,0.033027589321136475
(n+2)31,1eYRhFfTYvKLk,0.05962866544723511
(n+2)22,1eivc_GT-hpM7,0.1942293643951416
(n+2)23,1eivc_GT-hpM7,0.12204372882843018
(n+2)24,1eivc_GT-hpM7,0.09703099727630615
(n+2)25,1eivc_GT-hpM7,0.5873702764511108
(n+2)26,1eivc_GT-hpM7,0.5371029376983643
(n+2)27,1eivc_GT-hpM7,0.6571234464645386
(n+2)28,1eivc_GT-hpM7,0.7332248687744141
(n+2)29,1eivc_GT-hpM7,0.7420605421066284
(n+2)30,1eivc_GT-hpM7,-0.004939675331115723
(n+2)31,1eivc_GT-hpM7,0.45664429664611816
(n+2)22,1ln5rHPJu-8Pc,-0.008214116096496582
(n+2)23,1ln5rHPJu-8Pc,-0.05540531873703003
(n+2)24,1ln5rHPJu-8Pc,0.01905691623687744
(n+2)25,1ln5rHPJu-8Pc,0.07997536659240723
(n+2)26,1ln5rHPJu-8Pc,-0.04749518632888794
(n+2)27,1ln5rHPJu-8Pc,0.3054414987564087
(n+2)28,1ln5rHPJu-8Pc,0.380748987197876
(n+2)29,1ln5rHPJu-8Pc,0.028666317462921143
(n+2)30,1ln5rHPJu-8Pc,0.3285641670227051
(n+2)31,1ln5rHPJu-8Pc,0.43676841259002686
(n+2)22,1m0MBeABaeKi2,1.648219108581543
(n+2)23,1m0MBeABaeKi2,1.977791666984558
(n+2)24,1m0MBeABaeKi2,2.527568817138672
(n+2)25,1m0MBeABaeKi2,2.1073427200317383
(n+2)26,1m0MBeABaeKi2,2.5759053230285645
(n+2)27,1m0MBeABaeKi2,2.5766921043395996
(n+2)28,1m0MBeABaeKi2,1.7436559200286865
(n+2)29,1m0MBeABaeKi2,1.64994478225708
(n+2)30,1m0MBeABaeKi2,2.17598295211792
(n+2)31,1m0MBeABaeKi2,2.3252556324005127
(n+2)22,1q2E8XCXMW7Mg,4.162294864654541
(n+2)23,1q2E8XCXMW7Mg,2.369535446166992
(n+2)24,1q2E8XCXMW7Mg,2.731886386871338
(n+2)25,1q2E8XCXMW7Mg,3.0595693588256836
(n+2)26,1q2E8XCXMW7Mg,2.8225197792053223
(n+2)27,1q2E8XCXMW7Mg,2.540825366973877
(n+2)28,1q2E8XCXMW7Mg,2.1764450073242188
(n+2)29,1q2E8XCXMW7Mg,2.3493638038635254
(n+2)30,1q2E8XCXMW7Mg,1.5445163249969482
(n+2)31,1q2E8XCXMW7Mg,1.1660423278808594
(n+2)22,1sK9sq5einHhA,0.05589711666107178
(n+2)23,1sK9sq5einHhA,-0.4434232711791992
(n+2)24,1sK9sq5einHhA,-0.5565253496170044
(n+2)25,1sK9sq5einHhA,1.6792349815368652
(n+2)26,1sK9sq5einHhA,1.2119345664978027
(n+2)27,1sK9sq5einHhA,2.644731044769287
(n+2)28,1sK9sq5einHhA,3.1474623680114746
(n+2)29,1sK9sq5einHhA,1.95860755443573
(n+2)30,1sK9sq5einHhA,1.1965748071670532
(n+2)31,1sK9sq5einHhA,1.1817210912704468
(n+2)22,1w10I_NP9oA-Y,0.09764397144317627
(n+2)23,1w10I_NP9oA-Y,0.022101640701293945
(n+2)24,1w10I_NP9oA-Y,0.06615853309631348
(n+2)25,1w10I_NP9oA-Y,0.05051016807556152
(n+2)26,1w10I_NP9oA-Y,0.7229995727539062
(n+2)27,1w10I_NP9oA-Y,0.08626699447631836
(n+2)28,1w10I_NP9oA-Y,0.8116331100463867
(n+2)29,1w10I_NP9oA-Y,1.3527498245239258
(n+2)30,1w10I_NP9oA-Y,1.5101642608642578
(n+2)31,1w10I_NP9oA-Y,-0.11532247066497803
(n+2)22,1wMeqvJmbIKsg,2.1502609252929688
(n+2)23,1wMeqvJmbIKsg,2.953988552093506
(n+2)24,1wMeqvJmbIKsg,3.1393823623657227
(n+2)25,1wMeqvJmbIKsg,1.860848307609558
(n+2)26,1wMeqvJmbIKsg,1.466566801071167
(n+2)27,1wMeqvJmbIKsg,1.5378504991531372
(n+2)28,1wMeqvJmbIKsg,1.6518287658691406
(n+2)29,1wMeqvJmbIKsg,2.0684633255004883
(n+2)30,1wMeqvJmbIKsg,2.773413896560669
(n+2)31,1wMeqvJmbIKsg,2.450791835784912
(n+2)22,1z11pFsdzkNIG,1.4605268239974976
(n+2)23,1z11pFsdzkNIG,2.185009002685547
(n+2)24,1z11pFsdzkNIG,1.8814359903335571
(n+2)25,1z11pFsdzkNIG,2.4169692993164062
(n+2)26,1z11pFsdzkNIG,2.607452392578125
(n+2)27,1z11pFsdzkNIG,2.783874988555908
(n+2)28,1z11pFsdzkNIG,1.5096817016601562
(n+2)29,1z11pFsdzkNIG,3.0556211471557617
(n+2)30,1z11pFsdzkNIG,2.6545119285583496
(n+2)31,1z11pFsdzkNIG,2.4973740577697754
(n+2)22,2-BScm_Z0jJhk,0.18291246891021729
(n+2)23,2-BScm_Z0jJhk,0.17527437210083008
(n+2)24,2-BScm_Z0jJhk,0.2033451795578003
(n+2)25,2-BScm_Z0jJhk,0.15136408805847168
(n+2)26,2-BScm_Z0jJhk,0.2020254135131836
(n+2)27,2-BScm_Z0jJhk,0.0957787036895752
(n+2)28,2-BScm_Z0jJhk,0.2572699785232544
(n+2)29,2-BScm_Z0jJhk,0.1716212034225464
(n+2)30,2-BScm_Z0jJhk,0.22521734237670898
(n+2)31,2-BScm_Z0jJhk,0.6137943267822266
(n+2)22,24Sy1rxBlckFe,0.053353309631347656
(n+2)23,24Sy1rxBlckFe,0.0747990608215332
(n+2)24,24Sy1rxBlckFe,0.08535802364349365
(n+2)25,24Sy1rxBlckFe,0.10938537120819092
(n+2)26,24Sy1rxBlckFe,0.10388588905334473
(n+2)27,24Sy1rxBlckFe,0.12032127380371094
(n+2)28,24Sy1rxBlckFe,0.12490332126617432
(n+2)29,24Sy1rxBlckFe,0.1527653932571411
(n+2)30,24Sy1rxBlckFe,0.17117583751678467
(n+2)31,24Sy1rxBlckFe,0.1151423454284668
(n+2)22,24j43c5C-Uu76,-0.300076961517334
(n+2)23,24j43c5C-Uu76,-0.15174609422683716
(n+2)24,24j43c5C-Uu76,0.5223324298858643
(n+2)25,24j43c5C-Uu76,0.9214464426040649
(n+2)26,24j43c5C-Uu76,0.9720115065574646
(n+2)27,24j43c5C-Uu76,1.5110809803009033
(n+2)28,24j43c5C-Uu76,0.8453608751296997
(n+2)29,24j43c5C-Uu76,0.0679023265838623
(n+2)30,24j43c5C-Uu76,0.27332770824432373
(n+2)31,24j43c5C-Uu76,0.1705012321472168
(n+2)22,25r-GmTEhJ56K,0.970828652381897
(n+2)23,25r-GmTEhJ56K,1.0372713804244995
(n+2)24,25r-GmTEhJ56K,1.6991868019104004
(n+2)25,25r-GmTEhJ56K,1.6410636901855469
(n+2)26,25r-GmTEhJ56K,1.6474725008010864
(n+2)27,25r-GmTEhJ56K,1.1408805847167969
(n+2)28,25r-GmTEhJ56K,1.1469178199768066
(n+2)29,25r-GmTEhJ56K,1.590827226638794
(n+2)30,25r-GmTEhJ56K,1.6771193742752075
(n+2)31,25r-GmTEhJ56K,1.5911579132080078
(n+2)22,297W5VCK77SAY,0.142048180103302
(n+2)23,297W5VCK77SAY,0.2315617799758911
(n+2)24,297W5VCK77SAY,0.13894474506378174
(n+2)25,297W5VCK77SAY,0.04598444700241089
(n+2)26,297W5VCK77SAY,0.16727805137634277
(n+2)27,297W5VCK77SAY,0.1306862235069275
(n+2)28,297W5VCK77SAY,0.1529628038406372
(n+2)29,297W5VCK77SAY,0.15362048149108887
(n+2)30,297W5VCK77SAY,0.0972052812576294
(n+2)31,297W5VCK77SAY,0.3170311450958252
(n+2)22,29K-BBU5wHjxk,2.214533567428589
(n+2)23,29K-BBU5wHjxk,2.0565297603607178
(n+2)24,29K-BBU5wHjxk,1.65616774559021
(n+2)25,29K-BBU5wHjxk,1.4987144470214844
(n+2)26,29K-BBU5wHjxk,1.4547371864318848
(n+2)27,29K-BBU5wHjxk,1.6651732921600342
(n+2)28,29K-BBU5wHjxk,1.9492074251174927
(n+2)29,29K-BBU5wHjxk,2.4126100540161133
(n+2)30,29K-BBU5wHjxk,2.582759380340576
(n+2)31,29K-BBU5wHjxk,2.626857280731201
(n+2)22,2GTiGXj2DiiQV,-0.15243899822235107
(n+2)23,2GTiGXj2DiiQV,0.40290939807891846
(n+2)24,2GTiGXj2DiiQV,0.6996612548828125
(n+2)25,2GTiGXj2DiiQV,1.1910027265548706
(n+2)26,2GTiGXj2DiiQV,1.1213997602462769
(n+2)27,2GTiGXj2DiiQV,-0.16965997219085693
(n+2)28,2GTiGXj2DiiQV,0.4512122869491577
(n+2)29,2GTiGXj2DiiQV,-0.0696631669998169
(n+2)30,2GTiGXj2DiiQV,0.5354272127151489
(n+2)31,2GTiGXj2DiiQV,0.8913067579269409
(n+2)22,2K6vRYnkgiRM6,1.666933536529541
(n+2)23,2K6vRYnkgiRM6,1.8332699537277222
(n+2)24,2K6vRYnkgiRM6,1.8603849411010742
(n+2)25,2K6vRYnkgiRM6,1.9450410604476929
(n+2)26,2K6vRYnkgiRM6,2.1819772720336914
(n+2)27,2K6vRYnkgiRM6,2.4048638343811035
(n+2)28,2K6vRYnkgiRM6,2.4293909072875977
(n+2)29,2K6vRYnkgiRM6,2.5557074546813965
(n+2)30,2K6vRYnkgiRM6,2.940402030944824
(n+2)31,2K6vRYnkgiRM6,3.025832176208496
(n+2)22,2YHIL2KmF9QVQ,0.2398531436920166
(n+2)23,2YHIL2KmF9QVQ,0.4373922348022461
(n+2)24,2YHIL2KmF9QVQ,-0.12726354598999023
(n+2)25,2YHIL2KmF9QVQ,-0.08514058589935303
(n+2)26,2YHIL2KmF9QVQ,0.3568223714828491
(n+2)27,2YHIL2KmF9QVQ,0.654003381729126
(n+2)28,2YHIL2KmF9QVQ,0.8294607400894165
(n+2)29,2YHIL2KmF9QVQ,0.8885437250137329
(n+2)30,2YHIL2KmF9QVQ,0.16106104850769043
(n+2)31,2YHIL2KmF9QVQ,0.1425567865371704
(n+2)22,2_lUUQ0vsKDDm,-0.03638577461242676
(n+2)23,2_lUUQ0vsKDDm,-0.1480768918991089
(n+2)24,2_lUUQ0vsKDDm,1.0421137809753418
(n+2)25,2_lUUQ0vsKDDm,1.8179658651351929
(n+2)26,2_lUUQ0vsKDDm,1.5155600309371948
(n+2)27,2_lUUQ0vsKDDm,1.4211410284042358
(n+2)28,2_lUUQ0vsKDDm,1.3585482835769653
(n+2)29,2_lUUQ0vsKDDm,1.3661220073699951
(n+2)30,2_lUUQ0vsKDDm,2.7954487800598145
(n+2)31,2_lUUQ0vsKDDm,3.6787991523742676
(n+2)22,2aYKBozBlwIt5,0.922271728515625
(n+2)23,2aYKBozBlwIt5,0.46019887924194336
(n+2)24,2aYKBozBlwIt5,0.3324164152145386
(n+2)25,2aYKBozBlwIt5,0.4321560859680176
(n+2)26,2aYKBozBlwIt5,0.5775307416915894
(n+2)27,2aYKBozBlwIt5,0.9130010604858398
(n+2)28,2aYKBozBlwIt5,1.3404561281204224
(n+2)29,2aYKBozBlwIt5,1.386447548866272
(n+2)30,2aYKBozBlwIt5,1.3140311241149902
(n+2)31,2aYKBozBlwIt5,1.423065423965454
(n+2)22,2fx7mRq4qNKHF,1.1164374351501465
(n+2)23,2fx7mRq4qNKHF,0.3259286880493164
(n+2)24,2fx7mRq4qNKHF,0.4128323793411255
(n+2)25,2fx7mRq4qNKHF,0.39335566759109497
(n+2)26,2fx7mRq4qNKHF,0.7170882225036621
(n+2)27,2fx7mRq4qNKHF,0.9245182275772095
(n+2)28,2fx7mRq4qNKHF,1.0755470991134644
(n+2)29,2fx7mRq4qNKHF,1.0676865577697754
(n+2)30,2fx7mRq4qNKHF,0.16633367538452148
(n+2)31,2fx7mRq4qNKHF,-0.0002525448799133301
(n+2)22,2rNsNFYsam9gX,3.0594406127929688
(n+2)23,2rNsNFYsam9gX,2.2287707328796387
(n+2)24,2rNsNFYsam9gX,1.5327107906341553
(n+2)25,2rNsNFYsam9gX,1.5508742332458496
(n+2)28,2rNsNFYsam9gX,1.8599215745925903
(n+2)29,2rNsNFYsam9gX,2.7790045738220215
(n+2)30,2rNsNFYsam9gX,3.6388869285583496
(n+2)31,2rNsNFYsam9gX,3.850067138671875
(n+2)22,2xCUTBApLSkTL,2.365065097808838
(n+2)23,2xCUTBApLSkTL,1.4135481119155884
(n+2)24,2xCUTBApLSkTL,2.4906530380249023
(n+2)25,2xCUTBApLSkTL,3.878167152404785
(n+2)26,2xCUTBApLSkTL,6.157534122467041
(n+2)27,2xCUTBApLSkTL,2.6708478927612305
(n+2)28,2xCUTBApLSkTL,1.7580305337905884
(n+2)29,2xCUTBApLSkTL,2.893453598022461
(n+2)30,2xCUTBApLSkTL,1.6738522052764893
(n+2)31,2xCUTBApLSkTL,2.4174141883850098
(n+2)22,2zc-d4fq-yrRw,1.2393348217010498
(n+2)23,2zc-d4fq-yrRw,1.5475671291351318
(n+2)24,2zc-d4fq-yrRw,1.6636220216751099
(n+2)25,2zc-d4fq-yrRw,2.1447150707244873
(n+2)26,2zc-d4fq-yrRw,3.319952964782715
(n+2)27,2zc-d4fq-yrRw,3.8443551063537598
(n+2)28,2zc-d4fq-yrRw,2.781578540802002
(n+2)29,2zc-d4fq-yrRw,2.2381250858306885
(n+2)30,2zc-d4fq-yrRw,2.420260429382324
(n+2)31,2zc-d4fq-yrRw,2.489813804626465
(n+2)22,32yOXaoP92B7_,2.07662296295166
(n+2)23,32yOXaoP92B7_,1.8397995233535767
(n+2)24,32yOXaoP92B7_,2.009779214859009
(n+2)25,32yOXaoP92B7_,2.0385777950286865
(n+2)26,32yOXaoP92B7_,3.1934056282043457
(n+2)27,32yOXaoP92B7_,2.00673246383667
(n+2)28,32yOXaoP92B7_,1.4858381748199463
(n+2)29,32yOXaoP92B7_,1.5954246520996094
(n+2)30,32yOXaoP92B7_,1.0478475093841553
(n+2)31,32yOXaoP92B7_,2.8520307540893555
(n+2)22,39zhgc7l5jA8X,1.3830560445785522
(n+2)23,39zhgc7l5jA8X,1.4907886981964111
(n+2)24,39zhgc7l5jA8X,1.590050458908081
(n+2)25,39zhgc7l5jA8X,1.6389106512069702
(n+2)26,39zhgc7l5jA8X,1.6568961143493652
(n+2)27,39zhgc7l5jA8X,1.5817303657531738
(n+2)28,39zhgc7l5jA8X,1.5853272676467896
(n+2)29,39zhgc7l5jA8X,1.4635834693908691
(n+2)30,39zhgc7l5jA8X,1.4658563137054443
(n+2)31,39zhgc7l5jA8X,1.5779273509979248
(n+2)22,3M2VyFy-yyqzM,0.14246422052383423
(n+2)23,3M2VyFy-yyqzM,0.08694988489151001
(n+2)24,3M2VyFy-yyqzM,0.10126769542694092
(n+2)25,3M2VyFy-yyqzM,0.04037898778915405
(n+2)26,3M2VyFy-yyqzM,0.032340943813323975
(n+2)29,3M2VyFy-yyqzM,0.06224405765533447
(n+2)30,3M2VyFy-yyqzM,-0.06452536582946777
(n+2)31,3M2VyFy-yyqzM,0.059383928775787354
(n+2)22,3M5FlStwNA2pE,1.7673897743225098
(n+2)23,3M5FlStwNA2pE,1.3641709089279175
(n+2)24,3M5FlStwNA2pE,0.03366076946258545
(n+2)25,3M5FlStwNA2pE,0.6824690103530884
(n+2)26,3M5FlStwNA2pE,0.9053125381469727
(n+2)27,3M5FlStwNA2pE,0.8065876960754395
(n+2)28,3M5FlStwNA2pE,0.6798582077026367
(n+2)29,3M5FlStwNA2pE,2.029879570007324
(n+2)30,3M5FlStwNA2pE,1.9254990816116333
(n+2)31,3M5FlStwNA2pE,1.3761930465698242
(n+2)22,3N1j0lYI3fmAj,1.4922205209732056
(n+2)23,3N1j0lYI3fmAj,1.2959365844726562
(n+2)24,3N1j0lYI3fmAj,1.3310940265655518
(n+2)25,3N1j0lYI3fmAj,1.4488697052001953
(n+2)26,3N1j0lYI3fmAj,1.6344574689865112
(n+2)27,3N1j0lYI3fmAj,1.6742398738861084
(n+2)28,3N1j0lYI3fmAj,1.6812934875488281
(n+2)29,3N1j0lYI3fmAj,1.7662959098815918
(n+2)30,3N1j0lYI3fmAj,1.5585558414459229
(n+2)31,3N1j0lYI3fmAj,1.5119121074676514
(n+2)22,3QAqV3g5Vx0j8,2.819922924041748
(n+2)23,3QAqV3g5Vx0j8,2.276134729385376
(n+2)24,3QAqV3g5Vx0j8,2.0783276557922363
(n+2)25,3QAqV3g5Vx0j8,2.397401809692383
(n+2)26,3QAqV3g5Vx0j8,2.8447985649108887
(n+2)27,3QAqV3g5Vx0j8,2.4785094261169434
(n+2)28,3QAqV3g5Vx0j8,2.0620272159576416
(n+2)29,3QAqV3g5Vx0j8,2.0292019844055176
(n+2)30,3QAqV3g5Vx0j8,1.9030029773712158
(n+2)31,3QAqV3g5Vx0j8,2.0447885990142822
(n+2)22,3X1RbX6H3y6ly,3.2417588233947754
(n+2)23,3X1RbX6H3y6ly,3.21488094329834
(n+2)24,3X1RbX6H3y6ly,2.7338967323303223
(n+2)25,3X1RbX6H3y6ly,2.655447483062744
(n+2)26,3X1RbX6H3y6ly,1.198596477508545
(n+2)27,3X1RbX6H3y6ly,1.951374888420105
(n+2)28,3X1RbX6H3y6ly,2.0397720336914062
(n+2)29,3X1RbX6H3y6ly,3.013390064239502
(n+2)30,3X1RbX6H3y6ly,3.404611110687256
(n+2)31,3X1RbX6H3y6ly,2.487879991531372
(n+2)22,3ZYhGKCO8mXGZ,0.1432982087135315
(n+2)23,3ZYhGKCO8mXGZ,0.6301112174987793
(n+2)24,3ZYhGKCO8mXGZ,0.7905375957489014
(n+2)25,3ZYhGKCO8mXGZ,0.9582570791244507
(n+2)26,3ZYhGKCO8mXGZ,1.7631850242614746
(n+2)27,3ZYhGKCO8mXGZ,1.50014066696167
(n+2)28,3ZYhGKCO8mXGZ,0.7959660291671753
(n+2)29,3ZYhGKCO8mXGZ,1.087271809577942
(n+2)30,3ZYhGKCO8mXGZ,0.8346741199493408
(n+2)31,3ZYhGKCO8mXGZ,0.698111891746521
(n+2)22,3b6WbI2nsH5YV,2.4643964767456055
(n+2)23,3b6WbI2nsH5YV,3.0561776161193848
(n+2)24,3b6WbI2nsH5YV,3.7516345977783203
(n+2)25,3b6WbI2nsH5YV,3.95884370803833
(n+2)26,3b6WbI2nsH5YV,4.042670726776123
(n+2)27,3b6WbI2nsH5YV,3.682976245880127
(n+2)28,3b6WbI2nsH5YV,2.4674830436706543
(n+2)29,3b6WbI2nsH5YV,2.7351675033569336
(n+2)30,3b6WbI2nsH5YV,2.6258673667907715
(n+2)31,3b6WbI2nsH5YV,2.9069409370422363
(n+2)22,3b_Czk5dZiM_d,1.0238679647445679
(n+2)23,3b_Czk5dZiM_d,1.2291004657745361
(n+2)24,3b_Czk5dZiM_d,1.1347928047180176
(n+2)25,3b_Czk5dZiM_d,0.2051268219947815
(n+2)26,3b_Czk5dZiM_d,0.46764761209487915
(n+2)27,3b_Czk5dZiM_d,1.1751184463500977
(n+2)28,3b_Czk5dZiM_d,0.9476926922798157
(n+2)29,3b_Czk5dZiM_d,0.20889776945114136
(n+2)30,3b_Czk5dZiM_d,0.8917378187179565
(n+2)31,3b_Czk5dZiM_d,1.8282113075256348
(n+2)22,3fZjOcIsRSshq,0.058245837688446045
(n+2)23,3fZjOcIsRSshq,0.10485291481018066
(n+2)24,3fZjOcIsRSshq,0.028718233108520508
(n+2)25,3fZjOcIsRSshq,0.05011618137359619
(n+2)26,3fZjOcIsRSshq,0.10425388813018799
(n+2)27,3fZjOcIsRSshq,-0.0054662227630615234
(n+2)28,3fZjOcIsRSshq,0.12596869468688965
(n+2)29,3fZjOcIsRSshq,0.11143016815185547
(n+2)30,3fZjOcIsRSshq,0.08924269676208496
(n+2)31,3fZjOcIsRSshq,0.04158496856689453
(n+2)22,3pW88difJDtwf,1.8203895092010498
(n+2)23,3pW88difJDtwf,1.6702704429626465
(n+2)24,3pW88difJDtwf,1.670423984527588
(n+2)25,3pW88difJDtwf,1.807250738143921
(n+2)26,3pW88difJDtwf,1.6920658349990845
(n+2)27,3pW88difJDtwf,2.13455867767334
(n+2)28,3pW88difJDtwf,2.0887887477874756
(n+2)29,3pW88difJDtwf,1.7199982404708862
(n+2)30,3pW88difJDtwf,1.725891351699829
(n+2)31,3pW88difJDtwf,1.5164432525634766
(n+2)22,3wVNHoQ6LYH4D,0.11250978708267212
(n+2)23,3wVNHoQ6LYH4D,0.14230084419250488
(n+2)24,3wVNHoQ6LYH4D,0.1592152714729309
(n+2)25,3wVNHoQ6LYH4D,0.19135046005249023
(n+2)26,3wVNHoQ6LYH4D,0.22178387641906738
(n+2)27,3wVNHoQ6LYH4D,0.24917453527450562
(n+2)28,3wVNHoQ6LYH4D,0.2759828567504883
(n+2)29,3wVNHoQ6LYH4D,0.31486010551452637
(n+2)30,3wVNHoQ6LYH4D,0.34352707862854004
(n+2)31,3wVNHoQ6LYH4D,0.36385682225227356
(n+2)22,404scepkNb_o4,2.4002187252044678
(n+2)23,404scepkNb_o4,2.280125856399536
(n+2)24,404scepkNb_o4,2.3933310508728027
(n+2)25,404scepkNb_o4,1.7068666219711304
(n+2)26,404scepkNb_o4,2.1431498527526855
(n+2)27,404scepkNb_o4,2.4805545806884766
(n+2)28,404scepkNb_o4,3.136683464050293
(n+2)29,404scepkNb_o4,2.4499011039733887
(n+2)30,404scepkNb_o4,2.199338436126709
(n+2)31,404scepkNb_o4,2.561155319213867
(n+2)22,40xf6d-816i5n,1.7852742671966553
(n+2)23,40xf6d-816i5n,0.7280901074409485
(n+2)24,40xf6d-816i5n,0.4576684236526489
(n+2)25,40xf6d-816i5n,0.8200023174285889
(n+2)26,40xf6d-816i5n,1.3785948753356934
(n+2)27,40xf6d-816i5n,2.311176300048828
(n+2)28,40xf6d-816i5n,2.979437828063965
(n+2)29,40xf6d-816i5n,3.798365592956543
(n+2)30,40xf6d-816i5n,3.8542847633361816
(n+2)31,40xf6d-816i5n,3.6039810180664062
(n+2)22,43JVIpY9yI6t7,0.5867676734924316
(n+2)23,43JVIpY9yI6t7,0.5701180696487427
(n+2)24,43JVIpY9yI6t7,0.5933992862701416
(n+2)25,43JVIpY9yI6t7,0.618008017539978
(n+2)26,43JVIpY9yI6t7,0.6619608402252197
(n+2)27,43JVIpY9yI6t7,0.6625766754150391
(n+2)28,43JVIpY9yI6t7,0.6637077331542969
(n+2)29,43JVIpY9yI6t7,0.4058490991592407
(n+2)30,43JVIpY9yI6t7,0.5781913995742798
(n+2)31,43JVIpY9yI6t7,0.8195319175720215
(n+2)22,44aqzZR6luWyz,0.18588876724243164
(n+2)23,44aqzZR6luWyz,0.12696892023086548
(n+2)24,44aqzZR6luWyz,0.004005014896392822
(n+2)25,44aqzZR6luWyz,0.06523489952087402
(n+2)26,44aqzZR6luWyz,0.19250285625457764
(n+2)27,44aqzZR6luWyz,0.09887981414794922
(n+2)28,44aqzZR6luWyz,0.13825201988220215
(n+2)29,44aqzZR6luWyz,0.10582423210144043
(n+2)30,44aqzZR6luWyz,0.06220674514770508
(n+2)31,44aqzZR6luWyz,0.11482328176498413
(n+2)22,48EKPNntVRMBh,0.12202608585357666
(n+2)23,48EKPNntVRMBh,-0.07292163372039795
(n+2)24,48EKPNntVRMBh,0.19412052631378174
(n+2)25,48EKPNntVRMBh,0.10248410701751709
(n+2)26,48EKPNntVRMBh,0.09829461574554443
(n+2)27,48EKPNntVRMBh,0.08101248741149902
(n+2)28,48EKPNntVRMBh,0.12474381923675537
(n+2)29,48EKPNntVRMBh,0.07931935787200928
(n+2)30,48EKPNntVRMBh,0.09090650081634521
(n+2)31,48EKPNntVRMBh,0.0925835371017456
(n+2)22,4AgbfKTf6W3ih,-0.09324216842651367
(n+2)23,4AgbfKTf6W3ih,-0.06491243839263916
(n+2)24,4AgbfKTf6W3ih,-0.07608532905578613
(n+2)25,4AgbfKTf6W3ih,-0.038053154945373535
(n+2)26,4AgbfKTf6W3ih,-0.07251393795013428
(n+2)27,4AgbfKTf6W3ih,-0.06111252307891846
(n+2)28,4AgbfKTf6W3ih,-0.0307234525680542
(n+2)29,4AgbfKTf6W3ih,-0.029178380966186523
(n+2)30,4AgbfKTf6W3ih,0.4850269556045532
(n+2)31,4AgbfKTf6W3ih,0.4199650287628174
(n+2)22,4FZppZ0yFa5OG,0.9176434278488159
(n+2)23,4FZppZ0yFa5OG,1.071337342262268
(n+2)24,4FZppZ0yFa5OG,-0.1453394889831543
(n+2)25,4FZppZ0yFa5OG,0.05391526222229004
(n+2)26,4FZppZ0yFa5OG,0.28478139638900757
(n+2)27,4FZppZ0yFa5OG,0.24015963077545166
(n+2)28,4FZppZ0yFa5OG,0.11679017543792725
(n+2)29,4FZppZ0yFa5OG,0.11604321002960205
(n+2)30,4FZppZ0yFa5OG,0.18037688732147217
(n+2)31,4FZppZ0yFa5OG,0.17877745628356934
(n+2)22,4Gr5JueCKLbR0,3.46881103515625
(n+2)23,4Gr5JueCKLbR0,3.2366600036621094
(n+2)24,4Gr5JueCKLbR0,3.1663599014282227
(n+2)25,4Gr5JueCKLbR0,3.411149501800537
(n+2)26,4Gr5JueCKLbR0,3.5968375205993652
(n+2)27,4Gr5JueCKLbR0,3.0078072547912598
(n+2)28,4Gr5JueCKLbR0,2.890550136566162
(n+2)29,4Gr5JueCKLbR0,2.8903746604919434
(n+2)30,4Gr5JueCKLbR0,2.664761543273926
(n+2)31,4Gr5JueCKLbR0,2.3631787300109863
(n+2)22,4JYt7OYE9n7m6,0.10201501846313477
(n+2)23,4JYt7OYE9n7m6,0.13729190826416016
(n+2)24,4JYt7OYE9n7m6,0.052568256855010986
(n+2)25,4JYt7OYE9n7m6,0.05122041702270508
(n+2)26,4JYt7OYE9n7m6,-0.08835059404373169
(n+2)27,4JYt7OYE9n7m6,0.1304154396057129
(n+2)28,4JYt7OYE9n7m6,0.3100578784942627
(n+2)29,4JYt7OYE9n7m6,0.02133709192276001
(n+2)30,4JYt7OYE9n7m6,0.16131216287612915
(n+2)31,4JYt7OYE9n7m6,0.09622251987457275
(n+2)22,4TVsEbq2uvIRR,5.107254505157471
(n+2)23,4TVsEbq2uvIRR,5.804838180541992
(n+2)24,4TVsEbq2uvIRR,6.040866851806641
(n+2)25,4TVsEbq2uvIRR,5.802735805511475
(n+2)26,4TVsEbq2uvIRR,2.1508326530456543
(n+2)27,4TVsEbq2uvIRR,2.4733800888061523
(n+2)28,4TVsEbq2uvIRR,3.699944496154785
(n+2)29,4TVsEbq2uvIRR,5.762312889099121
(n+2)30,4TVsEbq2uvIRR,7.17539119720459
(n+2)31,4TVsEbq2uvIRR,6.118348598480225
(n+2)22,4VP-NCllX2jqU,0.10629153251647949
(n+2)23,4VP-NCllX2jqU,0.027306199073791504
(n+2)24,4VP-NCllX2jqU,0.15339326858520508
(n+2)25,4VP-NCllX2jqU,0.2481989860534668
(n+2)26,4VP-NCllX2jqU,0.09246623516082764
(n+2)27,4VP-NCllX2jqU,0.10950970649719238
(n+2)28,4VP-NCllX2jqU,0.2980062961578369
(n+2)29,4VP-NCllX2jqU,0.14581835269927979
(n+2)30,4VP-NCllX2jqU,0.14875733852386475
(n+2)31,4VP-NCllX2jqU,0.25916922092437744
